chain_id,from_address,to_address,contract_address,token_id,token_type,amount,transaction_hash,log_index,block_number,block_hash,block_timestamp
1,0x5be8f739c8ea94d99b44ab0b1421889c8b99b2e1,0x0025908440cb3155870b13c31410101f0a1af6ff,0xa0b86991c6218b36c1d19d4a2e9eb0ce3606eb48,0x0000000000000000000000000000000000000000000000000000000000000001,ERC20,0x000000000000000000000000000000000000000000000000000000000bebc200,0x7358a07b2c3e7d65ad11e88073719f62761db9a9c1b0d2f55b2f4cb129dd1eff,0,16065818,0x9e6996e56203d3faee80980681799b8a948812b554ab5f0f97009e5c28e6ce88,2022-11-28 03:33:35
1,0x4de23f3f0fb3318287378adbde030cf61714b2f3,0xf520c0493fe0d3470803db7e4d036074ac8db754,0x6b175474e89094c44da98b954eedeac495271d0f,0x0000000000000000000000000000000000000000000000000000000000000001,ERC20,0x0000000000000000000000000000000000000000000000003f4bb7714fdae218,0x90520745b06a680f5a3b49bbbd39cc229d21f3eb6ff879608aa7e3b2ab32dfca,0,16065971,0x2a888d6fe121599f2202115acdf371cbc34b65f6945178d157d179eaba38a5d9,2022-11-28 04:04:11
1,0x1522260091882b64a6eefd25ca46ab9f1528d9b9,0x000000000000000000000000000000000000dead,0xab78f098b3ca1a0fbc5fc611b22d739f5add13dd,0x0000000000000000000000000000000000000000000000000000000000000001,ERC20,0x00000000000000000000000000000000000000000000103685b57afef0a6f3dc,0x4b7beb58910c69ebe3d4e4737699beb72b4900843ec19aadda000e5170f809e5,0,16071514,0xb82b695a479d5261a0d644a61516409206fd63a640f7589e30855e94f0f46f7c,2022-11-28 22:36:35
1,0x2fd0350665307d99df098e9d7363a7bea6f63193,0x000000000000000000000000000000000000dead,0x2fd0350665307d99df098e9d7363a7bea6f63193,0x0000000000000000000000000000000000000000000000000000000000000001,ERC20,0x00000000000000000000000000000000000000000000000000000009f4193b1c,0xe08c0b93e98dc6fbe4748676d185f82af490f506d515522b92f69d9c0021a04b,1,16068120,0x9191193a6d72c8699596d723a840c15695e1582a213ffa37bc512c54caa91f18,2022-11-28 11:14:59
1,0xb9f42a5ab00c3d9866916c0af61599914e8fe115,0x000000000000000000000000000000000000dead,0x049aba7510f45ba5b64ea9e658e342f904db358d,0x51f69f490c23d93c960cd2bc2df0c70e0ff571105a564c9bf3b75403f0032bbe,ERC721,0x0000000000000000000000000000000000000000000000000000000000000001,0x106fe428f5a3f3a76d697b6e56f93fab586e30623420ea64e1af4f2247c3104b,2,16064861,0xf061ef199ec6cdc8acbd5b5f4b261c59a956175a63febca90f98e82694f4a33d,2022-11-28 00:21:23
1,0xfbf51495fe950455f013f84232ba44af106fe09c,0x000000000000000000000000000000000000dead,0x049aba7510f45ba5b64ea9e658e342f904db358d,0x3b8f4dfafeea742d70c679718c46df73aba7ce27866858f3840d73a622e52d96,ERC721,0x0000000000000000000000000000000000000000000000000000000000000001,0x4e528f243227693c43fc0dfdc7b73ad4e52b57a53f99faa499fac308b2d305d4,2,16066741,0x93df89c380149fd30af9b7ecc004cb0ff22e69ba240d4b279e5164d5c423ba4b,2022-11-28 06:38:11
1,0x2fd0350665307d99df098e9d7363a7bea6f63193,0x000000000000000000000000000000000000dead,0x2fd0350665307d99df098e9d7363a7bea6f63193,0x0000000000000000000000000000000000000000000000000000000000000001,ERC20,0x000000000000000000000000000000000000000000000000000000077f7b44a0,0xb2232b12acb3fe0768d8b606ac762424315189e73168f176c6a4f76e15791c95,3,16065965,0xc17b5f92b91e9d5538493fc00806a2a6e6047a33931c9de73b8c26e0a61375fd,2022-11-28 04:02:59
1,0xea061ac407dba0c0b754baba7914689eab0a8c11,0x000000000000000000000000000000000000dead,0x57b59f981730c6257df57cf6f0d98283749a9eeb,0x0000000000000000000000000000000000000000000000000000000000000001,ERC20,0x0000000000000000000000000000000000000000000003ffd788637f51ba2130,0x04f72311bd7f75f45bd754f58528baf066bdbb33c76cbfa3c2a3b70990412f4d,4,16067621,0x21073a349acea4c13bd9a1f2534f5c62345e63d08318f6878a50a7ca5f1ec325,2022-11-28 09:34:47
1,0x8b4ff6aa1fde0af193c8471d7dba2988f674d8e6,0x000000000000000000000000000000000000dead,0x8b4ff6aa1fde0af193c8471d7dba2988f674d8e6,0x0000000000000000000000000000000000000000000000000000000000000001,ERC20,0x0000000000000000000000000000000000000000000000000000001183761d00,0x976d2633febbc0da3b55d34034b6e5b310768e105190feff8ed408e60f78df2d,5,16066190,0xa4fc606654f348b4173d72d16f070da7e7feab95cd976c8fa942ec34d06f7ea7,2022-11-28 04:47:59
1,0x2fd0350665307d99df098e9d7363a7bea6f63193,0x000000000000000000000000000000000000dead,0x2fd0350665307d99df098e9d7363a7bea6f63193,0x0000000000000000000000000000000000000000000000000000000000000001,ERC20,0x000000000000000000000000000000000000000000000000000000153ac06300,0x7d130686e34e8973209f61ca6d174c12732b7608120753ad89f986101521ae96,5,16066460,0xbe23383c5a2cf3922baa7d3afe77baf659fe398e0814f5acb5394c34bd8dbf80,2022-11-28 05:41:59
1,0x2fd0350665307d99df098e9d7363a7bea6f63193,0x000000000000000000000000000000000000dead,0x2fd0350665307d99df098e9d7363a7bea6f63193,0x0000000000000000000000000000000000000000000000000000000000000001,ERC20,0x00000000000000000000000000000000000000000000000000000015a15a97d4,0x6f21ecbbfba3f8b808461eec0f2079e861be33c0353082e15b912143065148e1,5,16066487,0x9bd82808b08f27874f71590c4016bab7a77574d0267e0e7027004df316bda660,2022-11-28 05:47:23
1,0x2fd0350665307d99df098e9d7363a7bea6f63193,0x000000000000000000000000000000000000dead,0x2fd0350665307d99df098e9d7363a7bea6f63193,0x0000000000000000000000000000000000000000000000000000000000000001,ERC20,0x000000000000000000000000000000000000000000000000000000127148ae80,0x2542b3ea8e7fb3b1fa7a91935ef1b7c665e43f440de6afe43eef46add4037113,5,16066136,0x8f7d2ed8a17710a1c2851517ad6a46d3462e0a9cbe5f4deb0a168bf73e4f2bf4,2022-11-28 04:37:11
1,0x85d365293c6ebd3b2ffd0913439c8a37071362a1,0xf977814e90da44bfa03b6295a0616a897441acec,0x491604c0fdf08347dd1fa4ee062a822a5dd06b5d,0x0000000000000000000000000000000000000000000000000000000000000001,ERC20,0x00000000000000000000000000000000000000000000009d3595ab2438d00000,0x01ae89da91be4ce33548ee37b9447ade6c79930807879dd2ffc7813bfa65cc3d,5,16068194,0x622c7a003f6a5018567e5bb447bb2071d2c04cab353794ed885fe3e7899c0663,2022-11-28 11:29:59
1,0x2fd0350665307d99df098e9d7363a7bea6f63193,0x000000000000000000000000000000000000dead,0x2fd0350665307d99df098e9d7363a7bea6f63193,0x0000000000000000000000000000000000000000000000000000000000000001,ERC20,0x0000000000000000000000000000000000000000000000000000000b11ab9228,0x4f1f836b18e05fa8e3031f015d428083d5ccc7fea191cc1e389b721cdc40fe78,6,16065656,0x1c5fad1dd4255c61c03df0ab26d93a53bd1e7fd2d75f5571ae541086a31e0e19,2022-11-28 03:01:11
1,0x1faf6dc1afc1bc5506876c5b5a48c3d0a3d9f88f,0x000000000000000000000000000000000000dead,0xfb50d7d98a2e8cf2f63cc17d18e6712ade3452b3,0x0000000000000000000000000000000000000000000000000000000000000001,ERC20,0x00000000000000000000000000000000000000000000000000d529ae9e860000,0x5f17267cc605c1c5d398bba78b7c6bab544a6361edda730f934a9d33ba1f5515,6,16065792,0x8aca20ee6168dc4fc68f18a70d8bb236c906a23cb080626294cdcf8ca0806c46,2022-11-28 03:28:23
1,0x7ef61cacd0c785eacdfe17649d1c5bcba676a858,0x9a0abcd57493935a1fd880b157a0f9784471ba89,0x05072a7137d11e281cef6f58e00dba69d66616da,0x0000000000000000000000000000000000000000000000000000000000000b87,ERC721,0x0000000000000000000000000000000000000000000000000000000000000001,0x4da91df705e8cf55ba02e09c9cba21a2f77a143f4c91a53608f689fee0a250c1,6,16066684,0xca8295e72a283871bc3233e83614a26d4edce34723350cacf58fe3217d8c7c04,2022-11-28 06:26:47
1,0x2fd0350665307d99df098e9d7363a7bea6f63193,0x000000000000000000000000000000000000dead,0x2fd0350665307d99df098e9d7363a7bea6f63193,0x0000000000000000000000000000000000000000000000000000000000000001,ERC20,0x00000000000000000000000000000000000000000000000000000008a4251e60,0xe392edf647c9202eafde4acd822efb48ad37e3ce684c3cdeb80d633be6377fbb,7,16065911,0xc9c0e5a753453218d98d7c12ecffb1581c06c9f2fc4d57b0322428afe5497d64,2022-11-28 03:52:11
1,0x2fd0350665307d99df098e9d7363a7bea6f63193,0x000000000000000000000000000000000000dead,0x2fd0350665307d99df098e9d7363a7bea6f63193,0x0000000000000000000000000000000000000000000000000000000000000001,ERC20,0x0000000000000000000000000000000000000000000000000000000ad21a3358,0x0bb0f8b5df51b02df7a1a7daa2561a45bc384c920a4e6d5e5da180ac91887cf3,8,16065719,0x8b5de723efe7665c5924b57425bc95d34cf1778f39bfa07b56a69e84b1471814,2022-11-28 03:13:47
1,0x2fd0350665307d99df098e9d7363a7bea6f63193,0x000000000000000000000000000000000000dead,0x2fd0350665307d99df098e9d7363a7bea6f63193,0x0000000000000000000000000000000000000000000000000000000000000001,ERC20,0x00000000000000000000000000000000000000000000000000000005228e28e0,0x29e0622d6a5ce883d56adb870fdc1ffc47a25b019795eda761dc5d0fd454f9ba,8,16065744,0xc34da33f9922935b80620f971846ba1dbaee78274e977c6acdb1708b86e97616,2022-11-28 03:18:47
1,0xd0af55fb4be7f8946f06a826056b8993fdff7654,0x000000000000000000000000000000000000dead,0xae86f48c0b00f2a3eaef4ba4c23d17368f0f63f4,0x0000000000000000000000000000000000000000000000000000000000000001,ERC20,0x000000000000000000000000000000000000000000441f0434038d971fb1f5f3,0x7c46965e2454bb9588eafd3c0848388e873014feab1a8d3471c023f32bb00278,8,16065644,0x29566e1eabd785e34295ab8b0fea9dfbddd4ec79a5c991c778d8f9d1e775f92e,2022-11-28 02:58:47
1,0x2fd0350665307d99df098e9d7363a7bea6f63193,0x000000000000000000000000000000000000dead,0x2fd0350665307d99df098e9d7363a7bea6f63193,0x0000000000000000000000000000000000000000000000000000000000000001,ERC20,0x0000000000000000000000000000000000000000000000000000000632acf700,0xe8b58877fbb0b5b8ddc566e1efbff411d80e6b7af7eda720f65af8e11c1e1906,8,16066463,0xd0709a998712ac4b4137a974a04e817d48540d1d908ecfc95a9c0a32d48677c6,2022-11-28 05:42:35
1,0x2fd0350665307d99df098e9d7363a7bea6f63193,0x000000000000000000000000000000000000dead,0x2fd0350665307d99df098e9d7363a7bea6f63193,0x0000000000000000000000000000000000000000000000000000000000000001,ERC20,0x00000000000000000000000000000000000000000000000000000000c8f02e54,0x61a27c71428ca40e55d6ac2b6bbd862c25706ca4bd09bdce659a68402dadd5b4,9,16065795,0xc6f0cda088fd2caabb36348cb5f8d750b7fcefb84bf3deb8c2b3834832b762e8,2022-11-28 03:28:59
1,0x2fd0350665307d99df098e9d7363a7bea6f63193,0x000000000000000000000000000000000000dead,0x2fd0350665307d99df098e9d7363a7bea6f63193,0x0000000000000000000000000000000000000000000000000000000000000001,ERC20,0x0000000000000000000000000000000000000000000000000000000affb93200,0x76761f102db9bf3c8bad414b210ec66511fa1e5a94a2918c81b81fd2b5277073,9,16066203,0xf7fcd1d47e618e7061a17cdafdfbc7ab4f80c68a13b5cc4fa9785f1500b6aa49,2022-11-28 04:50:35
1,0x011e52e4e40cf9498c79273329e8827b21e2e581,0xdf0770df86a8034b3efef0a1bb3c889b8332ff56,0xa0b86991c6218b36c1d19d4a2e9eb0ce3606eb48,0x0000000000000000000000000000000000000000000000000000000000000001,ERC20,0x00000000000000000000000000000000000000000000000000000010a1a6f3e0,0x4d46a80ca2df967a818a0d45ff0bcadc10e42312566ff45f8588b8771fd16369,9,16069263,0x4f22e3a502d515a822c37f04009f639eae46d6c3604d7bd9f593d2b5edd62a31,2022-11-28 15:04:23
1,0x2fd0350665307d99df098e9d7363a7bea6f63193,0x000000000000000000000000000000000000dead,0x2fd0350665307d99df098e9d7363a7bea6f63193,0x0000000000000000000000000000000000000000000000000000000000000001,ERC20,0x00000000000000000000000000000000000000000000000000000005e1b60e54,0xccabb4c733b458decc62b99d415dc18917258576beb57123117ebf34b2b854d6,10,16065965,0xc17b5f92b91e9d5538493fc00806a2a6e6047a33931c9de73b8c26e0a61375fd,2022-11-28 04:02:59
1,0xd49ed7e8fadd05a687ab039117dba44201b0ef99,0x000000000000000000000000000000000000dead,0xd49ed7e8fadd05a687ab039117dba44201b0ef99,0x0000000000000000000000000000000000000000000000000000000000000001,ERC20,0x0000000000000000000000000000000000000000000000000000015a8e889480,0xd675e9013f32bcb2e0cc501c4e9339634ffee01d0d873116c3190e223d4b494d,10,16067562,0xd7cf6cfddbf9c137d786e35ba89ff20882423dd413208dbfdded26082f17d8b9,2022-11-28 09:22:59
1,0x4a08cf0a7bca217c24b9ee99c0395052f3707d68,0x000000000000000000000000000000000000dead,0x7db5af2b9624e1b3b4bb69d6debd9ad1016a58ac,0x0000000000000000000000000000000000000000000000000000000000000001,ERC20,0x0000000000000000000000000000000000000000000000000000bbc684d115a6,0x20d6d6c83953847910d7fdfbb906396b9f02067201175b0ef12d93254e1e86cf,11,16065755,0xbfbfc0f7fe9978bea57f9a35c96867f346c7d9666b7a60d6c1af2c21ba120df1,2022-11-28 03:20:59
1,0x9e51bbecd78923230c2abb04fbb3aa9f6e7e509b,0x000000000000000000000000000000000000dead,0xcfcb6612cd9744d91b27b1612b7f4e95777132f4,0x0000000000000000000000000000000000000000000000000000000000000001,ERC20,0x0000000000000000000000000000000000000000000008338c691e4de81c3968,0x8af4dc35972d75a37931becb062a5880cb789cad7b0833a7c0b4022fa67262e9,11,16068173,0x2e12de0d912301f555a1fc19d12e723f889db934401417c9be3fd23efc11de12,2022-11-28 11:25:35
1,0x2fd0350665307d99df098e9d7363a7bea6f63193,0x000000000000000000000000000000000000dead,0x2fd0350665307d99df098e9d7363a7bea6f63193,0x0000000000000000000000000000000000000000000000000000000000000001,ERC20,0x00000000000000000000000000000000000000000000000000000014e1f0ca80,0xb9e703c0623a38bca99f2f9279603e59b18e47bc502df11d273f44ff98d0c309,12,16066121,0x10b2ac486823f24ec7f4f3082c3b106c4fe0e454ff287163922b80e1ea99378e,2022-11-28 04:34:11
1,0xa574225ffa9b40db38d387b041484c0c1a499098,0x000000000000000000000000000000000000dead,0xaa2ded323944b25c0b6f1f891bc96f010b65622c,0x0000000000000000000000000000000000000000000000000000000000000001,ERC20,0x0000000000000000000000000000000000000000000000dea70eed6b941bb058,0x06c0cb08e2fc6c03b3461dacd2ae37210d7d11f71f6b7a2786699b9e6ebf5c67,12,16071424,0x93fce86193ff3c965d93241ad2c7e208d39222a44d16a9b74019eb16d96ff20a,2022-11-28 22:18:35
1,0x2fd0350665307d99df098e9d7363a7bea6f63193,0x000000000000000000000000000000000000dead,0x2fd0350665307d99df098e9d7363a7bea6f63193,0x0000000000000000000000000000000000000000000000000000000000000001,ERC20,0x0000000000000000000000000000000000000000000000000000000b59bbddd4,0x0be0077f7bd0f40f51bb4b2f836158786bbb82c44e063bac4f0281627c10c7ae,13,16065656,0x1c5fad1dd4255c61c03df0ab26d93a53bd1e7fd2d75f5571ae541086a31e0e19,2022-11-28 03:01:11
1,0x0000000000000000000000000000000000000000,0x000000000000000000000000000000000000dead,0xe534f9c608d2bc21313b1e36a727f5cd49f4ae65,0x0000000000000000000000000000000000000000000000000000000000000001,ERC20,0x000000000000000000000000000000000000000000000000075a32b3d5f9f116,0xdf19478bd12b8eb3b0d2cf2b42c6438b87970a51a12357b78f881949c52101a8,13,16066680,0x8821f2211a58c735c9024d9e079c89d3ddeaa43f0230269910d8f5b397e35ad1,2022-11-28 06:25:59
1,0x2fd0350665307d99df098e9d7363a7bea6f63193,0x000000000000000000000000000000000000dead,0x2fd0350665307d99df098e9d7363a7bea6f63193,0x0000000000000000000000000000000000000000000000000000000000000001,ERC20,0x00000000000000000000000000000000000000000000000000000015a7470f74,0x11ad1c9bc6af6821444ef3b1017f55d9401781491d2c477ca572b4c1cd48cf45,14,16066370,0x7e2d836ff7d0a3bf6a73e222ae9fe4fcd17add356a2edc9a6b39bea229f5acd1,2022-11-28 05:23:59
1,0x0000000000000000000000000000000000000000,0x000000000000000000000000000000000000dead,0x9c0e5f20bf1ae89a5fa9899f856bea2f71e296a6,0x0000000000000000000000000000000000000000000000000000000000000001,ERC20,0x0000000000000000000000000000000000000000000000000a80c9ef0b0659d5,0x6445ee4a875d6dbbb977fb82ef51b6e54424e25bca5da726e57904680f44c928,14,16071212,0xf98587f129e2b8b1cf6ec506cb2d2de03573858a6c58e1be712e5132f946a330,2022-11-28 21:36:11
1,0xc749342ef1af71cd5ca4955798d9e845ee9f9462,0x000000000000000000000000000000000000dead,0x2fc1bb6db1c72f688656f9164b98c4ea9de35963,0x0000000000000000000000000000000000000000000000000000000000000001,ERC20,0x0000000000000000000000000000000000000000000b3c94cdfc9e90535b4733,0x1cd63856b889253814ff51b40b54916b8deec9a0f5a409ab2cb8cbc30fd52ca7,14,16071519,0xbac0d9ff255c519bfc59fecc52d25036452f6affb75b7778f8b0718f06b59a5c,2022-11-28 22:37:35
1,0xf958adee4d892f890857d6b02be5e6fa4381ac39,0x000000000000000000000000000000000000dead,0x049aba7510f45ba5b64ea9e658e342f904db358d,0xa85522bb5b188d167b6f2ee04b965a268dfb1ad1951fa7d1347e2ef387bfaa14,ERC721,0x0000000000000000000000000000000000000000000000000000000000000001,0x3d43ed20e9e9a3e5e7cebc5e97767976b8fe2f31c88fd7315780039a61f146c5,15,16064810,0x254aae81fcaa5751e35eecd1b35a6dbc0e887f1252cba410f767c7b4e422997f,2022-11-28 00:11:11
1,0x2fd0350665307d99df098e9d7363a7bea6f63193,0x000000000000000000000000000000000000dead,0x2fd0350665307d99df098e9d7363a7bea6f63193,0x0000000000000000000000000000000000000000000000000000000000000001,ERC20,0x00000000000000000000000000000000000000000000000000000006e57d5500,0x3af59b00e1b2adf7284393d48e60c4e44d170c215ce036603296be26d0a33c37,15,16066108,0x027c6f68f6b1bfe23cfb97d2566a2b584dfc1cc62cf0dc9217387bf1d24e1209,2022-11-28 04:31:35
1,0x0000000000000000000000000000000000000000,0x000000000000000000000000000000000000dead,0xc03a8c8b7a1e63197c84bf4817ce599f680a5f20,0x0000000000000000000000000000000000000000000000000000000000000001,ERC20,0x0000000000000000000000000000000000000000000000000000000005b0fc78,0x11dca13406c8f7e0df7cb02a18e47b6ae129b6c2cef8d9216796627fb3bd243f,15,16067025,0x54bf034cf9864b9cb0bc64851234e403cebbfaac4fa7febf7773874e38177b95,2022-11-28 07:35:11
1,0xbf6dcdfe6e138428f5abe709e33e8ac1f7780e48,0x000000000000000000000000000000000000dead,0x005d1123878fc55fbd56b54c73963b234a64af3c,0x0000000000000000000000000000000000000000000000000000000000000001,ERC20,0x000000000000000000000000000000000000000000356acfe357745aeb2f412d,0x31d3417db42aaa115dbc23e826be293a37a30fe245c7535888a295f061e49fca,15,16070065,0x6479a4cb56478cb60df43e4c73761a2c91d37b14a8e68aea05a9c3ebc51c9d21,2022-11-28 17:45:11
1,0x2fd0350665307d99df098e9d7363a7bea6f63193,0x000000000000000000000000000000000000dead,0x2fd0350665307d99df098e9d7363a7bea6f63193,0x0000000000000000000000000000000000000000000000000000000000000001,ERC20,0x00000000000000000000000000000000000000000000000000000006ebe2033c,0xe3d30e2a5acd9a87b9cb4c3d4160bff842ce6d5b15e4fd08d282ac08f7884d6a,16,16065726,0xfe797b53078f36034b204bbc1a814a8d6df2ede996dd447065167928d341a735,2022-11-28 03:15:11
1,0x8b4ff6aa1fde0af193c8471d7dba2988f674d8e6,0x000000000000000000000000000000000000dead,0x8b4ff6aa1fde0af193c8471d7dba2988f674d8e6,0x0000000000000000000000000000000000000000000000000000000000000001,ERC20,0x000000000000000000000000000000000000000000000000000000108e0d6990,0x1dadfecb4807733a254b7b7d1e5580bcff4d5b9b869734ef4275c1216c90a351,17,16065326,0xd2e62c6b81d26528a2775261e17ec2f489a17d997b780a8050cf07f4ca832867,2022-11-28 01:54:35
1,0x2fd0350665307d99df098e9d7363a7bea6f63193,0x000000000000000000000000000000000000dead,0x2fd0350665307d99df098e9d7363a7bea6f63193,0x0000000000000000000000000000000000000000000000000000000000000001,ERC20,0x000000000000000000000000000000000000000000000000000000082c3e86c0,0x2f8f8e9e09212d5e201d1637a3540fb280cc87685fb4d8dc1636e9163408ba2e,17,16067966,0x37497fa385f71896b5f5a67277b139f88698400b58dc78b48457d0ea0b662ad2,2022-11-28 10:44:11
1,0xda9dfa130df4de4673b89022ee50ff26f6ea73cf,0x24b4eae904632c53ee231e3bd6c4444745ce22c0,0x3845badade8e6dff049820680d1f14bd3903a5d0,0x0000000000000000000000000000000000000000000000000000000000000001,ERC20,0x000000000000000000000000000000000000000000024655cc78b38d7ac00000,0x971db66a6f345a6b7985714b8be60ad069ccaa5bf83fe97a150d087836c2cb78,17,16067753,0x3514d5e42d11da930410c66c8560b05a45273503d327db61e323b022645ddb42,2022-11-28 10:01:35
1,0x8b4ff6aa1fde0af193c8471d7dba2988f674d8e6,0x000000000000000000000000000000000000dead,0x8b4ff6aa1fde0af193c8471d7dba2988f674d8e6,0x0000000000000000000000000000000000000000000000000000000000000001,ERC20,0x00000000000000000000000000000000000000000000000000000013195e7780,0x00d35b02fd77d29776695a13b6dc1c1ff3ab879c3ee9ebd58cc1fd8026a53599,17,16071281,0xbee1e34b07ad3effae35518056c1ccc5ff807c00cb2e505dfaded30ca4dffd74,2022-11-28 21:49:59
1,0xdf0770df86a8034b3efef0a1bb3c889b8332ff56,0x9ec5fec672b663e69be6190138235053d2ce08b3,0xa0b86991c6218b36c1d19d4a2e9eb0ce3606eb48,0x0000000000000000000000000000000000000000000000000000000000000001,ERC20,0x0000000000000000000000000000000000000000000000000000000006043688,0x9c00ccafe9508c4e824f42a8e723c9f58242e7c33f73fd4deebbefa1ea1aadc2,17,16071203,0x9720a3b2a18ac577d4ebfc96374facc07a678e75572cf15ade8b38500c2fe0a3,2022-11-28 21:34:23
1,0x80e10e408b20b12dbc141337ccf8fc3d92e99f80,0x000000000000000000000000000000000000dead,0x8686525d6627a25c68de82c228448f43c97999f2,0x0000000000000000000000000000000000000000000000000000000000000001,ERC20,0x0000000000000000000000000000000000000000000000031f5c4ed276800000,0xf8cd3c3a888664dcf1b2e4c00137a1defeed8143b2f70f6bad49a1e5cf1e9c5f,17,16071532,0x38cc4bc27ec984eead9599a91c38ba4bec0136f63478a343f355081aea7d1cea,2022-11-28 22:40:11
1,0x0000000000000000000000000000000000000000,0x000000000000000000000000000000000000dead,0x111fb83d512d9ae58130e2c8c860882f8086f84a,0x0000000000000000000000000000000000000000000000000000000000000001,ERC20,0x000000000000000000000000000000000000000000000000494c46daf147f7c6,0xbefc8d3302d542449cb15199869aa3f0af73c571766ba53c667e1c7bc7efb189,17,16071906,0x3d6b0000b0af7fd6481800d4d9e13f380eb555f884d15ff3665c4a03a1e3311d,2022-11-28 23:54:59
1,0x651e0f50bf70ff2524ee1fc2aeb85dc2ab46a020,0x39da41747a83aee658334415666f3ef92dd0d541,0xc9677cd8e9652f1b1aadd3429769b0ef8d7a0425,0x0000000000000000000000000000000000000000000000000000000000000477,ERC721,0x0000000000000000000000000000000000000000000000000000000000000001,0x945db7760afb5694b6c8bf24a7f35f3a3ce19ac74cd222f1abe1316b4d5bd310,18,16066974,0xc148dd44f72d6578a253b859a65b0043a58f996981085def170b3d9e607a9660,2022-11-28 07:24:47
1,0xdf0770df86a8034b3efef0a1bb3c889b8332ff56,0x9ac552fec8e1416d0780ffe415ad320ddade3095,0xa0b86991c6218b36c1d19d4a2e9eb0ce3606eb48,0x0000000000000000000000000000000000000000000000000000000000000001,ERC20,0x0000000000000000000000000000000000000000000000000000000006f381a2,0x9aa11f7517e5280bf4ba507a9f796d0fc2ffd7cdd30414d5207e19c125e29d9d,18,16068725,0xabb66476b207b1f4770a48555f23c0551179479993a10bed41fdd3428a01b2f8,2022-11-28 13:16:35
1,0x88dbfc20d2f2bc004d4dde1947deda4cd478dd0d,0x000000000000000000000000000000000000dead,0x049aba7510f45ba5b64ea9e658e342f904db358d,0x9843216024d61eb45aeb7116398242540ecbb90ab6f534afa668c0e458d4b3aa,ERC721,0x0000000000000000000000000000000000000000000000000000000000000001,0x652332d3a2f1794695667fe8ecf8a544c539cbced79b8751ec0038c401c70b24,18,16071265,0x465b2eb0bc2cac18088236714820e3212c92c16197ba4a0393d0c6a8807310b1,2022-11-28 21:46:47
1,0x8b4ff6aa1fde0af193c8471d7dba2988f674d8e6,0x000000000000000000000000000000000000dead,0x8b4ff6aa1fde0af193c8471d7dba2988f674d8e6,0x0000000000000000000000000000000000000000000000000000000000000001,ERC20,0x000000000000000000000000000000000000000000000000000000018cef611c,0xa45f339bf78b029a4365817d6eaddb5ca210e58697303f7910bb16e0f79a7671,19,16065148,0xb209fb77b8a42b1598c5fc8beb3865c7f73b6cb32317c7625b6914af90505416,2022-11-28 01:18:59
1,0x0000000000000000000000000000000000000000,0x000000000000000000000000000000000000dead,0xfad701390caffc0f9b3ec9c3114c0ff9df6926de,0x0000000000000000000000000000000000000000000000000000000000000001,ERC20,0x00000000000000000000000000000000000000000000000d41f3ef55f813435a,0xc2fa2342d3ad9875fafbdb41e230d49cb7cd0cf604fe5ac6cf3f7f31bd556dbf,19,16068853,0xba4a7ccf574ea6ae41ddf17e1af15ff8c28fa49fd60e2bf48ba2d7b62b9996cf,2022-11-28 13:42:23
1,0x2fd0350665307d99df098e9d7363a7bea6f63193,0x000000000000000000000000000000000000dead,0x2fd0350665307d99df098e9d7363a7bea6f63193,0x0000000000000000000000000000000000000000000000000000000000000001,ERC20,0x0000000000000000000000000000000000000000000000000000000b3cad2fe0,0xcdb92e0232e1035b9fbc3b0d0bdf3a8993cc609ee7fd33b2ef08b071100d98c7,20,16065656,0x1c5fad1dd4255c61c03df0ab26d93a53bd1e7fd2d75f5571ae541086a31e0e19,2022-11-28 03:01:11
1,0x65b9ad105b95290bcde1ed91f2f6688232ad5782,0x000000000000000000000000000000000000dead,0x83249c6794bca5a77eb8c0af9f1a86e055459cea,0x0000000000000000000000000000000000000000000000000000000000000001,ERC20,0x00000000000000000000000000000000000000000000000000005bb4a6f384fe,0x2c570a95d3e4ebb3f3f137b97199de7090f63448c51217fdb2cb9430452e67e5,20,16067072,0x984375aa08360031ab275033c72771927f5caed595b85fcc6943bfb783102a61,2022-11-28 07:44:35
1,0x3a8713065e4daa9603b91ef35d6a8336ef7b26c6,0x508acdc358be2ed126b1441f0cff853dec49d40f,0x44108f0223a3c3028f5fe7aec7f9bb2e66bef82f,0x0000000000000000000000000000000000000000000000000000000000000001,ERC20,0x00000000000000000000000000000000000000000000046b6c58bf1bc9a2dc17,0x614ff79d920d9a97b8e35cfffe629ea8aeb3eae182295a13b0a3a546825dfeb3,20,16069224,0x749296fa2b573b2cdc3978f8255a76cfa609317dd893773fe8a962bbdd1f018c,2022-11-28 14:56:35
1,0xdf0770df86a8034b3efef0a1bb3c889b8332ff56,0xbfb1394aa55b0f05a5e994f542eac022723ba9c1,0xa0b86991c6218b36c1d19d4a2e9eb0ce3606eb48,0x0000000000000000000000000000000000000000000000000000000000000001,ERC20,0x000000000000000000000000000000000000000000000000000000003246b0e0,0xa43e0200cfc305b412dd1e237bf0f860a9041a5165597555cd00985debd5ddc3,20,16071487,0x95e8de521679d22b4c87b67a1e2e9355ffe68482eb8e7ddb4c62a80640667e9e,2022-11-28 22:31:11
1,0x0000000000000000000000000000000000000000,0x000000000000000000000000000000000000dead,0x9c0e5f20bf1ae89a5fa9899f856bea2f71e296a6,0x0000000000000000000000000000000000000000000000000000000000000001,ERC20,0x000000000000000000000000000000000000000000000000186d8f2f906cc81a,0x7e7109d519100af45586d52fa0fe2cca071e9578e37b1cbfb1d1ddba22a1c25b,21,16071219,0x53310d3c3dca3b8061a0e5bedb242a900a15190aea4e363dff6690c23519388a,2022-11-28 21:37:35
1,0x2fd0350665307d99df098e9d7363a7bea6f63193,0x000000000000000000000000000000000000dead,0x2fd0350665307d99df098e9d7363a7bea6f63193,0x0000000000000000000000000000000000000000000000000000000000000001,ERC20,0x000000000000000000000000000000000000000000000000000000073a9a28d8,0x238b73895103ee274c40e7b47ba70dc9c2b06d270d7370c6dbdc2bdab91677a1,22,16065697,0x89b012b6aa2c4fc17af43f06ace43bc15d72b195585646fd5a95387a7fdeeba2,2022-11-28 03:09:23
1,0x8ca09d626d50817112b624b0d6f4f2f382124c76,0x000000000000000000000000000000000000dead,0x042be4b3bb32d69c2e9c96468bec4dfc3509a0d4,0x0000000000000000000000000000000000000000000000000000000000000001,ERC20,0x0000000000000000000000000000000000000000000000e4cd88bfbec42792a0,0x084f84be9c1b72d46ffabf07f6edf10938ddb4b674db36ed99292fa833f4590f,22,16066781,0x4b251bb749b16657286a7dd8771600a6106f68382f560ea5f0e79b948de4670e,2022-11-28 06:46:11
1,0x0000000000000000000000000000000000000000,0x000000000000000000000000000000000000dead,0x82b3485c966c89519621103d410786ac334a8cff,0x0000000000000000000000000000000000000000000000000000000000000001,ERC20,0x0000000000000000000000000000000000000000000000003b7fc758961e43f2,0xd472ff5dcbacd847e8f78f5cf562b03d9491c2c300c22adbfa21ef796694f3fc,22,16067047,0x7f10ea99f1ad3c50f81eac2aee8e9f0c941dbc4e296a4f812d00714fdab5a269,2022-11-28 07:39:35
1,0x2fd0350665307d99df098e9d7363a7bea6f63193,0x000000000000000000000000000000000000dead,0x2fd0350665307d99df098e9d7363a7bea6f63193,0x0000000000000000000000000000000000000000000000000000000000000001,ERC20,0x0000000000000000000000000000000000000000000000000000000d928ca3f8,0x94ff15f6c7938baad9af6de8734ee9e9e39e7deb988f122d02b373e5927586d0,23,16065978,0xd89f9b8b29be2da99f27fdf380a0dd701da2b9d0299cb4a62533162499344f76,2022-11-28 04:05:35
1,0x8b4ff6aa1fde0af193c8471d7dba2988f674d8e6,0x000000000000000000000000000000000000dead,0x8b4ff6aa1fde0af193c8471d7dba2988f674d8e6,0x0000000000000000000000000000000000000000000000000000000000000001,ERC20,0x000000000000000000000000000000000000000000000000000000077a068d40,0xbd7ab150eedeb5bdb1d48000aa65fa5a80c5503cee396624a12599ceccf66e61,23,16066671,0xd41145f1486d18c8d29c2443e81629e6ce5bfba4ca6a0e109d03d06fd24ac678,2022-11-28 06:24:11
1,0x2fd0350665307d99df098e9d7363a7bea6f63193,0x000000000000000000000000000000000000dead,0x2fd0350665307d99df098e9d7363a7bea6f63193,0x0000000000000000000000000000000000000000000000000000000000000001,ERC20,0x00000000000000000000000000000000000000000000000000000008c5e72c00,0x3b5fee64cb8a11dbf008cb3d4b07df481eea12245975006de368e0993e168cee,23,16066390,0x772b9cf56dacd63ee6acc91cce3f80396f6da1a3c48448592a287b12aa2e9749,2022-11-28 05:27:59
1,0x325557b2b6a9efb97fe90c240d1b5a9cff1178fc,0x7ef61cacd0c785eacdfe17649d1c5bcba676a858,0x04eded5e17b30d897a557ff33a94663a92520e86,0x000000000000000000000000000000000000000000000000000000000000004b,ERC721,0x0000000000000000000000000000000000000000000000000000000000000001,0x09a3462fcfc460eaeb12201f1db6707f562c60d70e609eb7cb5cef2159a56f63,23,16070847,0xf91e45ec4084e7e819ead3f06e404fa17051b8e8d2a1ac9959db67a4d06cc239,2022-11-28 20:22:47
1,0x65b9ad105b95290bcde1ed91f2f6688232ad5782,0x000000000000000000000000000000000000dead,0x83249c6794bca5a77eb8c0af9f1a86e055459cea,0x0000000000000000000000000000000000000000000000000000000000000001,ERC20,0x00000000000000000000000000000000000000000000000000005712ead45797,0xa14d4a70fe7db4a736959335fc7e748ca78826dd90e16466b255a247d1e60311,23,16071271,0x49506d9adcd56729e7edeac678dc16e0b63bcba7365b106c0ee19d93dfa5812e,2022-11-28 21:47:59
1,0x65b9ad105b95290bcde1ed91f2f6688232ad5782,0x000000000000000000000000000000000000dead,0x83249c6794bca5a77eb8c0af9f1a86e055459cea,0x0000000000000000000000000000000000000000000000000000000000000001,ERC20,0x00000000000000000000000000000000000000000000000000000fea89489800,0x040fe5e89c0d106caf20acfe93c1c3f939c18094d1ad9fae8e1ef1ae17b532c7,23,16071203,0x9720a3b2a18ac577d4ebfc96374facc07a678e75572cf15ade8b38500c2fe0a3,2022-11-28 21:34:23
1,0x8b4ff6aa1fde0af193c8471d7dba2988f674d8e6,0x000000000000000000000000000000000000dead,0x8b4ff6aa1fde0af193c8471d7dba2988f674d8e6,0x0000000000000000000000000000000000000000000000000000000000000001,ERC20,0x0000000000000000000000000000000000000000000000000000000faeb20684,0x90b3a6d9aae94805996b25bf8b20329b81f98f24b89c3359d0381195028a2d15,24,16065326,0xd2e62c6b81d26528a2775261e17ec2f489a17d997b780a8050cf07f4ca832867,2022-11-28 01:54:35
1,0x2fd0350665307d99df098e9d7363a7bea6f63193,0x000000000000000000000000000000000000dead,0x2fd0350665307d99df098e9d7363a7bea6f63193,0x0000000000000000000000000000000000000000000000000000000000000001,ERC20,0x0000000000000000000000000000000000000000000000000000000852451f00,0xd43bca7736ee56364d63bca90125257b50b7df3c314a8791ec792b2fecd1bec3,24,16067966,0x37497fa385f71896b5f5a67277b139f88698400b58dc78b48457d0ea0b662ad2,2022-11-28 10:44:11
1,0x0000000000000000000000000000000000000000,0x3a8713065e4daa9603b91ef35d6a8336ef7b26c6,0xc36442b4a4522e871399cd717abdd847ab11fe88,0x000000000000000000000000000000000000000000000000000000000005c107,ERC721,0x0000000000000000000000000000000000000000000000000000000000000001,0x614ff79d920d9a97b8e35cfffe629ea8aeb3eae182295a13b0a3a546825dfeb3,24,16069224,0x749296fa2b573b2cdc3978f8255a76cfa609317dd893773fe8a962bbdd1f018c,2022-11-28 14:56:35
1,0xd8c2bd84970116ba43409b872a901a68589bca51,0x000000000000000000000000000000000000dead,0x03f7d403c83814d8828f22ffcce3d6f9268ffa42,0x0000000000000000000000000000000000000000000000000000000000000001,ERC20,0x000000000000000000000000000000000000000000000000007442fafc8bef13,0xc82302e29cd2daf6aec68ea44b4eadaecc34efcc5cea71bc2dcce4453ff24a5b,24,16070415,0x606995eefa03acee7f1b6948adc73f48baac7a111c94198ec359c93715d27d3d,2022-11-28 18:55:59
1,0x2fd0350665307d99df098e9d7363a7bea6f63193,0x000000000000000000000000000000000000dead,0x2fd0350665307d99df098e9d7363a7bea6f63193,0x0000000000000000000000000000000000000000000000000000000000000001,ERC20,0x0000000000000000000000000000000000000000000000000000000e7e88dc18,0x81623f7cdb5389c8d7f8e74dd152b42a5b8f2f813d563eecc12537a954a7ed5e,25,16065899,0xd8a6a4fefdcb6f78efed54fb3e81d4b165e0162eb85696ac364d8643490d3b11,2022-11-28 03:49:47
1,0x0000000000000000000000000000000000000000,0x000000000000000000000000000000000000dead,0x259a09484fc2c4543445e790a0f19c179fc18fbc,0x0000000000000000000000000000000000000000000000000000000000000001,ERC20,0x000000000000000000000000000000000000000000000001a98230b4cae38929,0xff910b0fb2a84cc82ef967a8f6e78936fc561f54de5abadf655e2b4cd0b75a37,26,16065721,0x5bce5d6c77cd8edbf07836d9a0e08e4a42118254466c51a238ddc9a61d193e26,2022-11-28 03:14:11
1,0x238bcb01154f9ab713eaebe71db1472abb216dea,0x000000000000000000000000000000000000dead,0x2c7800f451bb32e8332b3cf5225590f5018d96a5,0x0000000000000000000000000000000000000000000000000000000000000001,ERC20,0x00000000000000000000000000000000000000000006342fd08f00f637800000,0x66dc9583ba51ee23239bc5bd2a34ebd33d2d3bbba9c43586abbaf898d91b5306,26,16067776,0xb14ccedd3c91ed0cdbd845c58e154e42545fd930d72f1bbe59e3630f9733824a,2022-11-28 10:06:11
1,0xdf0770df86a8034b3efef0a1bb3c889b8332ff56,0xdf018a17b2a39aa975c061480c35b4731f44fca8,0xa0b86991c6218b36c1d19d4a2e9eb0ce3606eb48,0x0000000000000000000000000000000000000000000000000000000000000001,ERC20,0x000000000000000000000000000000000000000000000000000000001291256e,0x035828fab2bab3f4c003daa4ded4bddd94bcbe1b1ffef55c387d5936cf48e958,26,16069583,0xddf5afb5c4b65a4b4be6c8c654ddfbc103939a6dc50eea36ae79047c5e8d46fb,2022-11-28 16:08:23
1,0x2fd0350665307d99df098e9d7363a7bea6f63193,0x000000000000000000000000000000000000dead,0x2fd0350665307d99df098e9d7363a7bea6f63193,0x0000000000000000000000000000000000000000000000000000000000000001,ERC20,0x0000000000000000000000000000000000000000000000000000000b1fe8e548,0x8fa71929a5faa08f5816f05a4e92086782c1b0777aff9868b687758e68e1d899,27,16065656,0x1c5fad1dd4255c61c03df0ab26d93a53bd1e7fd2d75f5571ae541086a31e0e19,2022-11-28 03:01:11
1,0x2fd0350665307d99df098e9d7363a7bea6f63193,0x000000000000000000000000000000000000dead,0x2fd0350665307d99df098e9d7363a7bea6f63193,0x0000000000000000000000000000000000000000000000000000000000000001,ERC20,0x00000000000000000000000000000000000000000000000000000007a00d5780,0x062e41c739c47552347e1d21172d983b8e2eca4dd0646821a71f112d8316cfc5,27,16065802,0x290866db44225f40f0379a51fcfb99113453eed91b372aec26e3243318f417dc,2022-11-28 03:30:23
1,0x2fd0350665307d99df098e9d7363a7bea6f63193,0x000000000000000000000000000000000000dead,0x2fd0350665307d99df098e9d7363a7bea6f63193,0x0000000000000000000000000000000000000000000000000000000000000001,ERC20,0x000000000000000000000000000000000000000000000000000000095887cb00,0x4e7dbba8363a7a2d73c98727ebd3f58f616860182841e591fcf45d7dca54ed7b,27,16065893,0x605139d49ca100ee78ec7fbd123e8b8e8334d940b4c1b5bfa83b88fe0b41b261,2022-11-28 03:48:35
1,0xcb36fcc6fdd19d447c84c9122811cbd0cf7fe497,0xd04eca2de1370b59d5033dc77ed8aab65ebd4ca6,0x5e03f262490ef2364b011f12fde0eb1beb98d924,0x0000000000000000000000000000000000000000000000000000000000000001,ERC20,0x00000000000000000000000000000000000000000000000000067a74a87a85d6,0x89886cf27c8e8fd795ddf02a757d1e5475d5ba799434986d4058da9a01d3d016,27,16069341,0x2ec294a082d09c6a13f11f9264f01d3a879dde2c720c8737bf1f23ff79fb0718,2022-11-28 15:19:59
1,0x2fd0350665307d99df098e9d7363a7bea6f63193,0x000000000000000000000000000000000000dead,0x2fd0350665307d99df098e9d7363a7bea6f63193,0x0000000000000000000000000000000000000000000000000000000000000001,ERC20,0x00000000000000000000000000000000000000000000000000000004d6fbcb58,0x117980ae2342f41fd8d0eba7a143509036b5868d037a57a572a43c075d641a65,28,16066059,0xd317328fd031ed40c46f3de15ce7098a3c2f00e8b098954876d5f3605677de93,2022-11-28 04:21:47
1,0x2fd0350665307d99df098e9d7363a7bea6f63193,0x000000000000000000000000000000000000dead,0x2fd0350665307d99df098e9d7363a7bea6f63193,0x0000000000000000000000000000000000000000000000000000000000000001,ERC20,0x00000000000000000000000000000000000000000000000000000007c6cb8e00,0x9e48509b93d07334a91685e9ad37bdb4ea790f0bf2b25cdced8191aeb4eaef7a,28,16066264,0x67b5680382724ef81869da06b695b3a79c4fc8dc15a88603c79d4cd67de30100,2022-11-28 05:02:47
1,0x65b9ad105b95290bcde1ed91f2f6688232ad5782,0x000000000000000000000000000000000000dead,0x83249c6794bca5a77eb8c0af9f1a86e055459cea,0x0000000000000000000000000000000000000000000000000000000000000001,ERC20,0x00000000000000000000000000000000000000000000000000000b8ebaaab3df,0x34c2c94c99e0b7b6f2a619e4f08b02383e2ee995ecbf6cc4e1e6760f9d8f190d,28,16069302,0xe54551e6559e0eeee74dc98d67dc217d1950deae3dc255f3f837c4508e28c430,2022-11-28 15:12:11
1,0x7a9fe22691c811ea339d9b73150e6911a5343dca,0xa0f828c40d2f543a07a4342ae89f1349f3b96efc,0xa342f5d851e866e18ff98f351f2c6637f4478db5,0x7a9fe22691c811ea339d9b73150e6911a5343dca00000000000000005c800800,ERC1155,0x0000000000000000000000000000000000000000000000000000000000000001,0x82d8700c35f96714b19607cd56dc5518d34d564501ed70b3bcc0fd3028cc63f1,28,16069034,0xf826f61cdda715e851c45b4512d5597df99284c551048db9312d5963ee7a538a,2022-11-28 14:18:35
1,0x2fd0350665307d99df098e9d7363a7bea6f63193,0x000000000000000000000000000000000000dead,0x2fd0350665307d99df098e9d7363a7bea6f63193,0x0000000000000000000000000000000000000000000000000000000000000001,ERC20,0x0000000000000000000000000000000000000000000000000000000fbe981b88,0xe4e0b79d9a8f6bd553f20d3b7aaccfe9fc3e6244419fcaed4f5c408ce7b30874,29,16065757,0xfdba2b5693b6ffa863bd20cddbac47793f81565004c5968cb97d97e3e159a4cd,2022-11-28 03:21:23
1,0x8b4ff6aa1fde0af193c8471d7dba2988f674d8e6,0x000000000000000000000000000000000000dead,0x8b4ff6aa1fde0af193c8471d7dba2988f674d8e6,0x0000000000000000000000000000000000000000000000000000000000000001,ERC20,0x00000000000000000000000000000000000000000000000000000014c8698d04,0xc3ef8d0fa79cf30e3a30fa3f436ad1d7f6f0bbb560dfcbee1cdf05e65d990711,29,16065024,0x0b32c613a9e589898da2bce6c6a3569db1994de9437545d5ebd4279a383ef6e0,2022-11-28 00:53:59
1,0xb584bc764cf4854cfd2bfabfbdc34ecf083f9522,0x4de23f3f0fb3318287378adbde030cf61714b2f3,0x6b175474e89094c44da98b954eedeac495271d0f,0x0000000000000000000000000000000000000000000000000000000000000001,ERC20,0x0000000000000000000000000000000000000000000000005d34a55e587cd1ac,0xa528a926bd55bffb9f70e0d44eee06dc185c80dc85f43517cf2afad516ab20a3,29,16065956,0x4c4e86c87fe81992b56b9b5b190e1fe53a626043035e1783b7c02107e3fc0743,2022-11-28 04:01:11
1,0xd49ed7e8fadd05a687ab039117dba44201b0ef99,0x000000000000000000000000000000000000dead,0xd49ed7e8fadd05a687ab039117dba44201b0ef99,0x0000000000000000000000000000000000000000000000000000000000000001,ERC20,0x00000000000000000000000000000000000000000000000000000086f53845ba,0x338ee755ded61a850e5c93acc9be6fad8b61e203453ae1d9b7bc73d5733db811,29,16066596,0x789f51ac7d7497ddf3fb3a0cda723475ff9d1ce6c0a0a9f58052cf5904b29202,2022-11-28 06:09:11
1,0x2fd0350665307d99df098e9d7363a7bea6f63193,0x000000000000000000000000000000000000dead,0x2fd0350665307d99df098e9d7363a7bea6f63193,0x0000000000000000000000000000000000000000000000000000000000000001,ERC20,0x0000000000000000000000000000000000000000000000000000000a9df8c800,0xeba618a6a8e75e65fadd771af99a9d2baa08c80372fa8bb88ea2e8d0f5e1cbe4,29,16066253,0xe142d89e612ab48e89818e625059c0158c3ceb769c3a68bf5ee930e08e5c1b6a,2022-11-28 05:00:35
1,0x95bb7d23bab3c204f4c58fbdfc1c3b34b991abf7,0x000000000000000000000000000000000000dead,0x77381fd65aa144bddc393e0519052011bcaa9be2,0x0000000000000000000000000000000000000000000000000000000000000001,ERC20,0x0000000000000000000000000000000000000000009c96f003a980bd3340daff,0x320682c027681b449ef0bc0691c79226c3d4c0c964fc3b6e0cc5c5c60b19f796,29,16068286,0xca9a20f69b20385bcd6145d8f018f6a67bc9f196401e7452182ffa28e6fe6b77,2022-11-28 11:48:23
1,0x2fd0350665307d99df098e9d7363a7bea6f63193,0x000000000000000000000000000000000000dead,0x2fd0350665307d99df098e9d7363a7bea6f63193,0x0000000000000000000000000000000000000000000000000000000000000001,ERC20,0x00000000000000000000000000000000000000000000000000000005c5a4ce80,0x5c3a9135e4cc998ec07a010c78233400c5354112602612dc0a4c15f7901cba0f,29,16069224,0x749296fa2b573b2cdc3978f8255a76cfa609317dd893773fe8a962bbdd1f018c,2022-11-28 14:56:35
1,0x7a9fe22691c811ea339d9b73150e6911a5343dca,0xfe6995e5b5e4e9b51902fde125593bc3ac46f8fd,0xa342f5d851e866e18ff98f351f2c6637f4478db5,0x7a9fe22691c811ea339d9b73150e6911a5343dca00000000000000005c800800,ERC1155,0x0000000000000000000000000000000000000000000000000000000000000001,0x82d8700c35f96714b19607cd56dc5518d34d564501ed70b3bcc0fd3028cc63f1,29,16069034,0xf826f61cdda715e851c45b4512d5597df99284c551048db9312d5963ee7a538a,2022-11-28 14:18:35
1,0x8b4ff6aa1fde0af193c8471d7dba2988f674d8e6,0x000000000000000000000000000000000000dead,0x8b4ff6aa1fde0af193c8471d7dba2988f674d8e6,0x0000000000000000000000000000000000000000000000000000000000000001,ERC20,0x000000000000000000000000000000000000000000000000000000139f28f7a0,0x647f70434b6e769a5993638cbccaef4abdeb183cbefb9d94fbd4304379a11944,29,16070257,0xae4f1d38cdf76326aefa3860456890508b61a5ac6f465238f2a14ec5cd8aabf4,2022-11-28 18:23:59
1,0x4de23f3f0fb3318287378adbde030cf61714b2f3,0x6a97eada929869c9419b23eeedefb4ca763badf2,0x6b175474e89094c44da98b954eedeac495271d0f,0x0000000000000000000000000000000000000000000000000000000000000001,ERC20,0x0000000000000000000000000000000000000000000000005d34a55e587cd1ac,0x56ae1c12789a5911f462e8deca7efc50098b9b77fb022998ec888adeaca8c0ed,30,16065956,0x4c4e86c87fe81992b56b9b5b190e1fe53a626043035e1783b7c02107e3fc0743,2022-11-28 04:01:11
1,0x2fd0350665307d99df098e9d7363a7bea6f63193,0x000000000000000000000000000000000000dead,0x2fd0350665307d99df098e9d7363a7bea6f63193,0x0000000000000000000000000000000000000000000000000000000000000001,ERC20,0x00000000000000000000000000000000000000000000000000000009c122f7c0,0x7da3afa0e8b89c5b602700b435327197e7c607d1dab72bab13a2843f26b3b1ca,30,16066004,0xdb6ffb0094f8c4377399169420a84bd0dcbbb4dc1442122a3df25f894ec68e88,2022-11-28 04:10:47
1,0x8b4ff6aa1fde0af193c8471d7dba2988f674d8e6,0x000000000000000000000000000000000000dead,0x8b4ff6aa1fde0af193c8471d7dba2988f674d8e6,0x0000000000000000000000000000000000000000000000000000000000000001,ERC20,0x0000000000000000000000000000000000000000000000000000000cfa320738,0x63ac5563a035c0533af9587480d3741af3c7b3e265d1e04e1ee22ee2be8c0d3a,30,16066698,0x29731d93c91626f85b25230514b3e3a4ac3560d987e16dd93fcf05198ce78785,2022-11-28 06:29:35
1,0x7a9fe22691c811ea339d9b73150e6911a5343dca,0x4e8648997893efacc06c94628f599bc055c4e075,0xa342f5d851e866e18ff98f351f2c6637f4478db5,0x7a9fe22691c811ea339d9b73150e6911a5343dca00000000000000005c800800,ERC1155,0x0000000000000000000000000000000000000000000000000000000000000001,0x82d8700c35f96714b19607cd56dc5518d34d564501ed70b3bcc0fd3028cc63f1,30,16069034,0xf826f61cdda715e851c45b4512d5597df99284c551048db9312d5963ee7a538a,2022-11-28 14:18:35
1,0xec25e9e61d8cf73bd9fd90e843e529334d5ebe65,0x000000000000000000000000000000000000dead,0xec25e9e61d8cf73bd9fd90e843e529334d5ebe65,0x0000000000000000000000000000000000000000000000000000000000000001,ERC20,0x0000000000000000000000000000000000000000000000000000013429797933,0x760f1c948e6f112cb0528b7c287e9ff662cd944704af8584b1f4e10317389fdd,30,16071325,0x18b0e5029d541ef937c99a6f484889f744aa56af95fe296ec3a3355cbf09f2e6,2022-11-28 21:58:47
1,0xdf0770df86a8034b3efef0a1bb3c889b8332ff56,0x874cf425e75aa09e13473ea5bf8203565be522b9,0xa0b86991c6218b36c1d19d4a2e9eb0ce3606eb48,0x0000000000000000000000000000000000000000000000000000000000000001,ERC20,0x0000000000000000000000000000000000000000000000000000000001f5f853,0x3b0f074e7c52ea3df6bc4dc141b6952e17350f473ced0256b0a3fd99a6d5e24c,30,16071112,0x0dabcb8ece406defa48aef4713b92ce9d2b3c7cbabf7d90d065a9da89fc55e72,2022-11-28 21:16:11
1,0x8b4ff6aa1fde0af193c8471d7dba2988f674d8e6,0x000000000000000000000000000000000000dead,0x8b4ff6aa1fde0af193c8471d7dba2988f674d8e6,0x0000000000000000000000000000000000000000000000000000000000000001,ERC20,0x00000000000000000000000000000000000000000000000000000002d1b0993c,0x14db67ae0c55e4f1c2b64971c816c6bb9c099f53a1e8e16a8de42e59b36e5c2e,31,16065327,0xc625341bddddf264d805ba12d641de44379370d08ccb8870f667308a9f57ae08,2022-11-28 01:54:47
1,0x2fd0350665307d99df098e9d7363a7bea6f63193,0x000000000000000000000000000000000000dead,0x2fd0350665307d99df098e9d7363a7bea6f63193,0x0000000000000000000000000000000000000000000000000000000000000001,ERC20,0x00000000000000000000000000000000000000000000000000000009237b7880,0x900dcf116786b2972f9f083e4a7915820d4625170f64fd3a9f510bd8462aa75e,31,16066261,0x0e5dd8b6dbf85419e5c5bc11cf4d29150aba9bc09c000f85994ec030299b49d9,2022-11-28 05:02:11
1,0x0000000000000000000000000000000000000000,0x000000000000000000000000000000000000dead,0xfad701390caffc0f9b3ec9c3114c0ff9df6926de,0x0000000000000000000000000000000000000000000000000000000000000001,ERC20,0x00000000000000000000000000000000000000000000000251ec326352ccd58f,0x6956c5f81b11425349f1a29f63558b83403b83563bbb22c0714dcef521f4dbc1,31,16068216,0xd227608f05adebd7fe6a6806a1e740ace2c071ccaf632f223d15bb76ea655e64,2022-11-28 11:34:23